Title,Price,Date
"
                    Never Forget Pluto Shirt. Retro Style Funny Space, Science T-Shirt
                   ","



                    $19.99
                   





                      $
                     

                      19
                      
                       .
                      


                      99
                     











",2024-03-12
"
                    Never Forget Pluto Shirt. Retro Style Funny Space, Science T-Shirt
                   ","



                    $19.99
                   





                      $
                     

                      19
                      
                       .
                      


                      99
                     











",2024-03-12
"Never Forget Pluto Shirt. Retro Style Funny Space, Science T-Shirt",19.99,2024-03-12
"Never Forget Pluto Shirt. Retro Style Funny Space, Science T-Shirt",19.99,2024-03-12
"Never Forget Pluto Shirt. Retro Style Funny Space, Science T-Shirt",19.99,2024-03-12
"Never Forget Pluto Shirt. Retro Style Funny Space, Science T-Shirt",19.99,2024-03-12
"Never Forget Pluto Shirt. Retro Style Funny Space, Science T-Shirt",19.99,2024-03-12
"Never Forget Pluto Shirt. Retro Style Funny Space, Science T-Shirt",19.99,2024-03-12
"Never Forget Pluto Shirt. Retro Style Funny Space, Science T-Shirt",19.99,2024-03-12
"Never Forget Pluto Shirt. Retro Style Funny Space, Science T-Shirt",19.99,2024-03-12
"Never Forget Pluto Shirt. Retro Style Funny Space, Science T-Shirt",19.99,2024-03-12
